id	question	choices	zeroshot_raw_output	fewshot_raw_output	gold_truth	zeroshot_text_answer	zeroshot_prob_answer	fewshot_text_answer	fewshot_prob_answer	zeroshot_reasoning	fewshot_reasoning
2f85d53721ccc8b3fa4cfc184186d124	The man  tried to break the glass in order to make his escape in time, but he could not.  The person in the cat, trying to kill him, did what?	"accelerate
putting together
working
construct
train"	"[' The context suggests that the man is attempting to escape from someone who is actively trying to harm him by killing him with a cat. Therefore, the action that aligns with this scenario would be ""accelerate"" as it implies moving quickly towards or away from the threat.\n\n', ' A. accelerate']"	"[' \nLet\'s analyze the situation step by step.\n\n1. **Context Understanding**: The scenario involves a man attempting to escape from someone who was trying to harm him using a cat as a weapon.\n\n2. **Man\'s Attempted Action**: The man tries to break the glass in order to make his escape.\n\n3. **Opponent\'s Response**: The opponent (the person in the cat) fails to prevent the man from escaping because the man successfully breaks the glass.\n\nGiven these points, let\'s evaluate each option:\n\n- A. Accelerate: This doesn\'t fit the context where the man is breaking glass to escape.\n- B. Putting together: This implies assembling parts, which isn\'t relevant to breaking glass.\n- C. Working: This term is vague and doesn\'t specifically relate to breaking glass.\n- D. Construct: Similar to ""putting together,"" this doesn\'t match the action of breaking glass.\n- E. Train: This implies preparing for future events, which isn\'t applicable here.\n\nConsidering the context and the options given, none of the choices perfectly align with the described scenario. However, based on the closest logical inference, the most fitting response would be:\n\n', "" None of the above choices accurately describe the opponent's action in relation to breaking the glass.""]"	A	A	B	None of the above choices accurately describe the opponent's action in relation to breaking the glass	A	" The context suggests that the man is attempting to escape from someone who is actively trying to harm him by killing him with a cat. Therefore, the action that aligns with this scenario would be ""accelerate"" as it implies moving quickly towards or away from the threat.

"	" 
Let's analyze the situation step by step.

1. **Context Understanding**: The scenario involves a man attempting to escape from someone who was trying to harm him using a cat as a weapon.

2. **Man's Attempted Action**: The man tries to break the glass in order to make his escape.

3. **Opponent's Response**: The opponent (the person in the cat) fails to prevent the man from escaping because the man successfully breaks the glass.

Given these points, let's evaluate each option:

- A. Accelerate: This doesn't fit the context where the man is breaking glass to escape.
- B. Putting together: This implies assembling parts, which isn't relevant to breaking glass.
- C. Working: This term is vague and doesn't specifically relate to breaking glass.
- D. Construct: Similar to ""putting together,"" this doesn't match the action of breaking glass.
- E. Train: This implies preparing for future events, which isn't applicable here.

Considering the context and the options given, none of the choices perfectly align with the described scenario. However, based on the closest logical inference, the most fitting response would be:

"
1272e693cf9152e7ac71095c643676b5	In the building where James worked there was a small mezzanine in the auditorium to make more space for seats.  Where might James work?	"theater
floors
concert hall
education
school"	"[' The description mentions ""auditorium"" which is typically found in theaters or concert halls. Therefore, it\'s most likely that James works at one of these places.\n\n', ' A. theater']"	[' \nThe passage states that there was a small mezzanine in the auditorium of the building where James worked. A mezzanine is typically found in buildings designed for entertainment purposes, such as theaters or concert halls. Therefore, James is most likely to work in a theater.\n\n', ' A']	A	A	B	A	B	" The description mentions ""auditorium"" which is typically found in theaters or concert halls. Therefore, it's most likely that James works at one of these places.

"	" 
The passage states that there was a small mezzanine in the auditorium of the building where James worked. A mezzanine is typically found in buildings designed for entertainment purposes, such as theaters or concert halls. Therefore, James is most likely to work in a theater.

"
ea82f9e938cbfce85fb498ce46264253	What will a person do at work?	"cross street
draw attention to themselves
make money
falling down
come home"	"["" A person's primary purpose at work is to earn income or perform tasks that contribute to their job responsibilities. Therefore, making money is the most logical choice for what someone would do at work.\n\n"", ' C. make money']"	[' At work, a person typically engages in activities related to their job responsibilities. Making money is a common goal for employees as part of their employment. Therefore, making money is the most logical activity a person will engage in at work.\n\n', ' C']	C	C	D	C	D	" A person's primary purpose at work is to earn income or perform tasks that contribute to their job responsibilities. Therefore, making money is the most logical choice for what someone would do at work.

"	" At work, a person typically engages in activities related to their job responsibilities. Making money is a common goal for employees as part of their employment. Therefore, making money is the most logical activity a person will engage in at work.

"
f74b7f268d3c190a13f99ede6d2359e1	The advertisement came in the form of a pop-up, where did it appear?	"web page
store
la ville
bus
email"	[' The question asks about the location where the advertisement appeared as a pop-up. A pop-up is typically displayed on a webpage or email, not in stores, cities, buses, or other physical locations.\n\n', ' A. web page']	[' \nAn advertisement appearing as a pop-up typically refers to a webpage. Pop-ups are small windows that appear on top of the current webpage, often containing advertisements.\n\n', ' A']	A	A	E	A	B	" The question asks about the location where the advertisement appeared as a pop-up. A pop-up is typically displayed on a webpage or email, not in stores, cities, buses, or other physical locations.

"	" 
An advertisement appearing as a pop-up typically refers to a webpage. Pop-ups are small windows that appear on top of the current webpage, often containing advertisements.

"
4779be55f47a301debfc472e4fc2c7b6	What are you using if there are speakers strapped on your ears?	"take it all in
headphones
desktop
conference
concert"	"[' The question asks about something being used when there are speakers strapped onto one\'s ears. Among the given options, ""headphones"" is the most appropriate choice because they typically have earbuds that can be attached to the user\'s ears.\n\n', ' B. headphones']"	"[' \nThe question asks about something where ""speakers"" are attached to the user\'s ears. Among the given options, ""headphones"" are specifically designed to fit over the ear and contain small speakers inside. Therefore, these headphones are the best match for the scenario described.\n\n', ' B']"	B	B	D	B	B	" The question asks about something being used when there are speakers strapped onto one's ears. Among the given options, ""headphones"" is the most appropriate choice because they typically have earbuds that can be attached to the user's ears.

"	" 
The question asks about something where ""speakers"" are attached to the user's ears. Among the given options, ""headphones"" are specifically designed to fit over the ear and contain small speakers inside. Therefore, these headphones are the best match for the scenario described.

"
0a5c069836784c3d574828d85a20a074	I saw the receptionist carelessly toss my resume into the drawer, where did I want it to end up?	"file cabinet
nightstand
kitchen cabinet
office desk
the floor"	"[' The question states that the receptionist tossed the resume ""carelessly"" into a drawer. A drawer is typically found on an office desk or filing cabinet. Therefore, the most likely place for the resume to be discarded would be either the office desk or the file cabinet.\n\n', ' D. office desk\nE. the floor']"	"[' \nThe question states that the receptionist tossed the resume ""carelessly"" into a drawer. This implies that the intended destination was a drawer, as drawers are typically used for storing documents and papers. Among the given options, a file cabinet is the most appropriate place for a resume.\n\n', ' A']"	D	D	A	A	D	" The question states that the receptionist tossed the resume ""carelessly"" into a drawer. A drawer is typically found on an office desk or filing cabinet. Therefore, the most likely place for the resume to be discarded would be either the office desk or the file cabinet.

"	" 
The question states that the receptionist tossed the resume ""carelessly"" into a drawer. This implies that the intended destination was a drawer, as drawers are typically used for storing documents and papers. Among the given options, a file cabinet is the most appropriate place for a resume.

"
26ce83b8e9a263079aa8cdbd5258d667	The man tried to reply to the woman, but he had difficulty keeping track of conversations that he didn't do what to?	"initiate
ignore
question
answer
ask"	"[' The context suggests that the man is having trouble remembering or following up on conversations with someone else (the woman). Among the given options, ""initiate"" implies starting something new, which doesn\'t fit the scenario where the man has difficulty recalling past interactions. Therefore, the most appropriate choice would be one related to not actively engaging or participating in those conversations.\n\n', ' A']"	"[' \nIn the context of the sentence, ""the man tried to reply to the woman"" implies that the man was attempting to engage in conversation by responding. If he had difficulty keeping track of these conversations, it suggests that he wasn\'t actively participating in initiating or maintaining those conversations.\n\n- A. Initiate - This doesn\'t fit because the man was trying to respond, implying engagement.\n- B. Ignore - This fits well as ignoring someone typically involves not engaging in their conversation.\n- C. Question - This could apply, but it\'s less direct compared to simply ignoring.\n- D. Answer - Similar to ignoring, this indicates not engaging in the conversation.\n- E. Ask - Asking questions is different from just not engaging; it implies active participation.\n\n', ' B']"	A	A	B	B	D	" The context suggests that the man is having trouble remembering or following up on conversations with someone else (the woman). Among the given options, ""initiate"" implies starting something new, which doesn't fit the scenario where the man has difficulty recalling past interactions. Therefore, the most appropriate choice would be one related to not actively engaging or participating in those conversations.

"	" 
In the context of the sentence, ""the man tried to reply to the woman"" implies that the man was attempting to engage in conversation by responding. If he had difficulty keeping track of these conversations, it suggests that he wasn't actively participating in initiating or maintaining those conversations.

- A. Initiate - This doesn't fit because the man was trying to respond, implying engagement.
- B. Ignore - This fits well as ignoring someone typically involves not engaging in their conversation.
- C. Question - This could apply, but it's less direct compared to simply ignoring.
- D. Answer - Similar to ignoring, this indicates not engaging in the conversation.
- E. Ask - Asking questions is different from just not engaging; it implies active participation.

"
7bb87c6d8eab57d4e983f60025b1f0dc	What can eating hamburger cause immediately after eating it?	"tasty
health problems
eat cake
indigestion
gain weight"	[' When considering what can happen immediately after eating a hamburger, we should focus on common digestive reactions that occur almost instantly. Indigestion is a condition where food does not pass through the stomach properly, leading to discomfort or pain. This aligns with the immediate effects one might experience after consuming a meal.\n\n', ' D']	[' Eating a hamburger typically causes immediate digestive issues due to the high fat content and potential presence of preservatives. Indigestion is a common reaction following the consumption of fatty foods.\n\n', ' D']	D	D	D	D	A	" When considering what can happen immediately after eating a hamburger, we should focus on common digestive reactions that occur almost instantly. Indigestion is a condition where food does not pass through the stomach properly, leading to discomfort or pain. This aligns with the immediate effects one might experience after consuming a meal.

"	" Eating a hamburger typically causes immediate digestive issues due to the high fat content and potential presence of preservatives. Indigestion is a common reaction following the consumption of fatty foods.

"
2d33cde5e3987adc8fa2bca0af4dd3dd	Where is a human likely to go as a result of being hungry?	"eat in restaurant
make bread
have lunch
cook dinner
friends house"	"[' To determine where a person would go as a result of being hungry, we need to consider common behaviors associated with hunger. People typically seek food when they feel hungry. Among the given options, ""eat in restaurant"" directly addresses this behavior by suggesting a specific type of eating establishment.\n\n', ' A. eat in restaurant']"	"[' When humans feel hungry, their primary instinct is to satisfy that hunger by consuming food. Among the given options, ""eat in restaurant"" aligns best with satisfying hunger because restaurants typically offer a variety of meals prepared by professional chefs.\n\n', ' A']"	A	A	B	A	E	" To determine where a person would go as a result of being hungry, we need to consider common behaviors associated with hunger. People typically seek food when they feel hungry. Among the given options, ""eat in restaurant"" directly addresses this behavior by suggesting a specific type of eating establishment.

"	" When humans feel hungry, their primary instinct is to satisfy that hunger by consuming food. Among the given options, ""eat in restaurant"" aligns best with satisfying hunger because restaurants typically offer a variety of meals prepared by professional chefs.

"
c865b3547c2a2e3c3916d7be6ab25752	If there is gum on your shoe where did it likely come from?	"shelf
movies
sidewalk
water fountain
table"	[' To determine where the gum came from, we need to consider common sources of gum that people typically leave behind. Shelves, movies, sidewalks, water fountains, and tables are not typical places for someone to drop gum intentionally or carelessly.\n\nFinal ', ' C. sidewalk']	"["" \nThe question asks about where gum came from given that it was found on someone's shoe. Let's analyze each option:\n\nA. Shelf - Gum is typically not found on shelves unless it has been dropped by someone who intended to purchase it.\n\nB. Movies - Gum is often thrown away during movie screenings as part of waste disposal practices.\n\nC. Sidewalk - People commonly drop gum while walking outside, especially if they find it interesting or want to throw it away.\n\nD. Water Fountain - Water fountains are designed to catch and collect any debris, including gum, but it is less common compared to sidewalks.\n\nE. Table - Tables are unlikely places to find gum unless it was intentionally placed there.\n\n"", ' C']"	C	C	A	C	D	" To determine where the gum came from, we need to consider common sources of gum that people typically leave behind. Shelves, movies, sidewalks, water fountains, and tables are not typical places for someone to drop gum intentionally or carelessly.

Final "	" 
The question asks about where gum came from given that it was found on someone's shoe. Let's analyze each option:

A. Shelf - Gum is typically not found on shelves unless it has been dropped by someone who intended to purchase it.

B. Movies - Gum is often thrown away during movie screenings as part of waste disposal practices.

C. Sidewalk - People commonly drop gum while walking outside, especially if they find it interesting or want to throw it away.

D. Water Fountain - Water fountains are designed to catch and collect any debris, including gum, but it is less common compared to sidewalks.

E. Table - Tables are unlikely places to find gum unless it was intentionally placed there.

"
d0bda97a087904320216e4d0b8a08a8d	The man was giving assistance to a pan handler in the streets, how did he give assistance?	"feeling good
killing
law suits
out of pocket
feel loved"	"[' The context suggests that the man is helping someone who is in need (a pan handler). Among the given options, ""out of pocket"" is the most appropriate choice as it implies financial help or support.\n\n', ' D']"	"[' \nThe question describes a scenario where a man is helping a panhandler by providing assistance. Among the given options, ""out of pocket"" best fits as it implies financial support or resources from the man to the panhandler.\n\n', ' D']"	D	D	D	D	B	" The context suggests that the man is helping someone who is in need (a pan handler). Among the given options, ""out of pocket"" is the most appropriate choice as it implies financial help or support.

"	" 
The question describes a scenario where a man is helping a panhandler by providing assistance. Among the given options, ""out of pocket"" best fits as it implies financial support or resources from the man to the panhandler.

"
2f97a77d155cb99092e8a7c055737b03_1	In what country are the most fast food restaurants?	"new york
blocks of flats
center of town
america
big cities"	[' To determine which country has the most fast food restaurants, we need to consider factors such as population size, economic development, and urbanization trends. New York City is known for being one of the largest metropolitan areas with high population density, making it likely to have many fast food outlets catering to its diverse clientele. Therefore, based on these considerations, the most probable answer would be A. new york.\n\n', ' A']	"[' \nThe question asks about countries where there are the most fast food restaurants. Among the given options, ""America"" (Choice D) is the largest country in terms of population and land area. Therefore, it is reasonable to assume that America has the highest number of fast food restaurants.\n\n', ' D']"	D	A	B	D	A	" To determine which country has the most fast food restaurants, we need to consider factors such as population size, economic development, and urbanization trends. New York City is known for being one of the largest metropolitan areas with high population density, making it likely to have many fast food outlets catering to its diverse clientele. Therefore, based on these considerations, the most probable answer would be A. new york.

"	" 
The question asks about countries where there are the most fast food restaurants. Among the given options, ""America"" (Choice D) is the largest country in terms of population and land area. Therefore, it is reasonable to assume that America has the highest number of fast food restaurants.

"
e69da59cbcf2a302e4523571eba8186b	The computer was difficult for he to understand at the store, so what did she sign up for to learn more?	"classroom
facebook
school
apartment
demonstration"	"[' The person found it challenging to understand something about computers at the store, which implies they need additional learning resources. Among the given options, ""classroom"" is the most appropriate choice as it provides structured learning environments where one can receive instruction from teachers or experts.\n\n', ' A. classroom']"	"["" \nLet's analyze each option based on the context given in the question.\n\n- A. Classroom: This could be a suitable option as learning about computers typically involves attending classes where someone can receive instruction from a teacher or instructor.\n- B. Facebook: This is a social media platform and not related to learning how to use a computer.\n- C. School: Similar to a classroom, schools offer educational programs where students can learn various subjects including computer science.\n- D. Apartment: An apartment is a living space and not a place where one would go to learn about computers.\n- E. Demonstration: Demonstrations involve showing how something works, but they don't necessarily lead to formal education.\n\nGiven these considerations, the most appropriate choice is A. classroom because it aligns best with the idea of receiving structured instruction on using a computer.\n\n"", ' A']"	E	A	B	A	A	" The person found it challenging to understand something about computers at the store, which implies they need additional learning resources. Among the given options, ""classroom"" is the most appropriate choice as it provides structured learning environments where one can receive instruction from teachers or experts.

"	" 
Let's analyze each option based on the context given in the question.

- A. Classroom: This could be a suitable option as learning about computers typically involves attending classes where someone can receive instruction from a teacher or instructor.
- B. Facebook: This is a social media platform and not related to learning how to use a computer.
- C. School: Similar to a classroom, schools offer educational programs where students can learn various subjects including computer science.
- D. Apartment: An apartment is a living space and not a place where one would go to learn about computers.
- E. Demonstration: Demonstrations involve showing how something works, but they don't necessarily lead to formal education.

Given these considerations, the most appropriate choice is A. classroom because it aligns best with the idea of receiving structured instruction on using a computer.

"
75ac594b4fdbfba006e61315d1b2c815	Going public about a common problem can gain what for a celebrity?	"wide acceptance
a degree
pain
getting high
press coverage"	"[' Going public with a common problem typically allows celebrities to share their experiences openly, which can lead to increased media attention and possibly more support or understanding from fans and the general public. This aligns most closely with gaining ""press coverage.""\n\n', ' E']"	[' Going public about a common problem can lead to increased media attention and scrutiny from the public, which could potentially result in negative publicity or backlash. Therefore, the correct answer is C. pain.\n\n', ' C']	A	E	D	C	B	" Going public with a common problem typically allows celebrities to share their experiences openly, which can lead to increased media attention and possibly more support or understanding from fans and the general public. This aligns most closely with gaining ""press coverage.""

"	" Going public about a common problem can lead to increased media attention and scrutiny from the public, which could potentially result in negative publicity or backlash. Therefore, the correct answer is C. pain.

"
8c8052980e357545398d27d1c3c832d8	What has a shelf that does not allow you to see what is inside of it?	"chest of drawers
stove
hold alcohol
bookcase
grocery store"	"["" To determine which option fits the description of having a shelf that cannot be seen, we need to consider each item's typical structure and accessibility.\n\n- Chest of drawers typically have shelves where items can be stored but usually do not display them.\n- Stoves generally have burners on top rather than shelves for storage or viewing purposes.\n- Hold alcohol (likely referring to a container) would likely have a lid or cover that prevents visibility from below.\n- Bookcases often have shelves visible from above, so they don't fit this criterion.\n- Grocery stores have aisles with shelves where products can be displayed, making them accessible for viewing.\n\nBased on these considerations, the most fitting choice is A. chest of drawers because it has shelves that are hidden and cannot be directly viewed.\n\n"", ' A']"	"["" \nThe question asks about a shelf that does not allow you to see what is inside. Let's analyze each option:\n\nA. Chest of drawers - A chest of drawers typically has shelves where you can see what is inside.\n\nB. Stove - A stove does not have any shelves, so there is no possibility of seeing what is inside.\n\nC. Hold alcohol - This could refer to a container holding alcohol, but it doesn't specify a shelf structure.\n\nD. Bookcase - A bookcase often has shelves where you can see what books are inside.\n\nE. Grocery store - Grocery stores have shelves where you can see what products are inside.\n\nBased on this analysis, the best fit is B. stove because it lacks shelves and thus prevents visibility into what is inside.\n\n"", ' B']"	A	A	B	B	B	" To determine which option fits the description of having a shelf that cannot be seen, we need to consider each item's typical structure and accessibility.

- Chest of drawers typically have shelves where items can be stored but usually do not display them.
- Stoves generally have burners on top rather than shelves for storage or viewing purposes.
- Hold alcohol (likely referring to a container) would likely have a lid or cover that prevents visibility from below.
- Bookcases often have shelves visible from above, so they don't fit this criterion.
- Grocery stores have aisles with shelves where products can be displayed, making them accessible for viewing.

Based on these considerations, the most fitting choice is A. chest of drawers because it has shelves that are hidden and cannot be directly viewed.

"	" 
The question asks about a shelf that does not allow you to see what is inside. Let's analyze each option:

A. Chest of drawers - A chest of drawers typically has shelves where you can see what is inside.

B. Stove - A stove does not have any shelves, so there is no possibility of seeing what is inside.

C. Hold alcohol - This could refer to a container holding alcohol, but it doesn't specify a shelf structure.

D. Bookcase - A bookcase often has shelves where you can see what books are inside.

E. Grocery store - Grocery stores have shelves where you can see what products are inside.

Based on this analysis, the best fit is B. stove because it lacks shelves and thus prevents visibility into what is inside.

"
ede4d302fc2ffe07703158f83c1493f2	If there is a place that is hot and arid, what could it be?	"bland
lifeless
sandy
neutral
freezing"	"[' The description ""hot and arid"" suggests a location with extreme temperatures, typically found in deserts or other dry regions. Among the given options, ""sandy"" best fits this description as sand is commonly associated with arid environments.\n\n', ' C']"	[' A place that is hot and arid typically has characteristics of deserts. Deserts are known for their extreme heat and lack of moisture, making options B (lifeless) and D (neutral) less suitable as descriptors for such environments.\n\nThe remaining options—bland, sandy, and freezing—are not commonly associated with hot and arid conditions. \n\nTherefore, the best fit among the given choices is C. sandy.\n\n', ' C']	B	C	D	C	B	" The description ""hot and arid"" suggests a location with extreme temperatures, typically found in deserts or other dry regions. Among the given options, ""sandy"" best fits this description as sand is commonly associated with arid environments.

"	" A place that is hot and arid typically has characteristics of deserts. Deserts are known for their extreme heat and lack of moisture, making options B (lifeless) and D (neutral) less suitable as descriptors for such environments.

The remaining options—bland, sandy, and freezing—are not commonly associated with hot and arid conditions. 

Therefore, the best fit among the given choices is C. sandy.

"
43ab0ff711e60d51f943bbd2cdd6515a	A loud machine is irritating, but many are expected where?	"museum
house
laboratory
library
industrial area"	"[' The question asks about a noisy machine that is considered irritating, which implies it\'s not very common or desirable. Among the given options, ""industrial area"" is likely the most unusual place for such a machine due to its purposeful use of noise for work purposes.\n\n', ' E']"	"[' A loud machine is typically found in places where there is high activity or noise production, such as factories, construction sites, or other industrial areas. Therefore, among the given options, ""industrial area"" is the most appropriate location for a loud machine.\n\n', ' E']"	E	E	D	E	D	" The question asks about a noisy machine that is considered irritating, which implies it's not very common or desirable. Among the given options, ""industrial area"" is likely the most unusual place for such a machine due to its purposeful use of noise for work purposes.

"	" A loud machine is typically found in places where there is high activity or noise production, such as factories, construction sites, or other industrial areas. Therefore, among the given options, ""industrial area"" is the most appropriate location for a loud machine.

"
668dc6bce771b10cbf6336f3ec76520a	Why do people play chess on the weekends?	"satisfaction
have fun
thrilling
made
smart"	"[' To determine why people play chess on the weekends, we need to consider common reasons for playing games or activities outside of work or school hours. The options provided include words that describe feelings or outcomes associated with engaging in such activities.\n\n- A. Satisfaction: This suggests a sense of fulfillment or contentment.\n- B. Have fun: This indicates enjoyment or pleasure.\n- C. Thrilling: This implies excitement or excitement.\n- D. Made: This is not a meaningful word in this context.\n- E. Smart: While chess can be intellectually stimulating, it\'s not typically described as ""smart"" when played casually.\n\nGiven these considerations, the most appropriate reason would be related to enjoyment or pleasure. Therefore, the correct choice is:\n\n', ' B. have fun']"	"["" Let's analyze each choice based on common human motivations for engaging in activities.\n\n- **Satisfaction**: People often engage in activities that bring them pleasure or fulfillment, which aligns well with playing chess as a leisure activity.\n  \n- **Have Fun**: This is a strong motivator for many individuals, especially those who enjoy intellectual challenges and strategic games.\n  \n- **Thrilling**: Chess involves complex strategies and decision-making, which can be exciting and stimulating.\n  \n- **Made**: This term doesn’t clearly indicate a motivation related to enjoyment or personal interest.\n  \n- **Smart**: While playing chess can enhance cognitive skills, it’s not typically considered a primary motivation unless someone is particularly competitive or interested in improving their intelligence.\n\nGiven these considerations, the most fitting answers are A (satisfaction) and B (have fun).\n\n"", ' A/B']"	B	B	B	A/B	B	" To determine why people play chess on the weekends, we need to consider common reasons for playing games or activities outside of work or school hours. The options provided include words that describe feelings or outcomes associated with engaging in such activities.

- A. Satisfaction: This suggests a sense of fulfillment or contentment.
- B. Have fun: This indicates enjoyment or pleasure.
- C. Thrilling: This implies excitement or excitement.
- D. Made: This is not a meaningful word in this context.
- E. Smart: While chess can be intellectually stimulating, it's not typically described as ""smart"" when played casually.

Given these considerations, the most appropriate reason would be related to enjoyment or pleasure. Therefore, the correct choice is:

"	" Let's analyze each choice based on common human motivations for engaging in activities.

- **Satisfaction**: People often engage in activities that bring them pleasure or fulfillment, which aligns well with playing chess as a leisure activity.
  
- **Have Fun**: This is a strong motivator for many individuals, especially those who enjoy intellectual challenges and strategic games.
  
- **Thrilling**: Chess involves complex strategies and decision-making, which can be exciting and stimulating.
  
- **Made**: This term doesn’t clearly indicate a motivation related to enjoyment or personal interest.
  
- **Smart**: While playing chess can enhance cognitive skills, it’s not typically considered a primary motivation unless someone is particularly competitive or interested in improving their intelligence.

Given these considerations, the most fitting answers are A (satisfaction) and B (have fun).

"
57b83653d82b27d32bc39228130f3516	The poor girls needed a light to see, what was the relationship between that light and finishing her homework?	"darkness
cumbersome
obesity
forceful
crucial"	"[' The context suggests that the light is being used for a purpose (seeing) which implies it is not obstructive or burdensome. Therefore, options B, C, D can be eliminated as they describe characteristics of something that might hinder rather than assist with seeing.\n\nOption A refers to ""darkness,"" which would make it difficult to see but does not directly relate to the act of completing homework.\n\nOption E mentions ""crucial,"" which means essential or vital. Since the light is needed to see, it logically follows that this light is crucial for the task at hand.\n\nTherefore, the correct answer is:\n\nE. crucial']"	[' \nIn the context of needing a light to see while doing homework, the light serves as a tool or resource that helps the girl complete her homework. Therefore, the light is essential for completing the task.\n\n', ' E']	E		D	E	C	" The context suggests that the light is being used for a purpose (seeing) which implies it is not obstructive or burdensome. Therefore, options B, C, D can be eliminated as they describe characteristics of something that might hinder rather than assist with seeing.

Option A refers to ""darkness,"" which would make it difficult to see but does not directly relate to the act of completing homework.

Option E mentions ""crucial,"" which means essential or vital. Since the light is needed to see, it logically follows that this light is crucial for the task at hand.

Therefore, the correct answer is:

E. crucial"	" 
In the context of needing a light to see while doing homework, the light serves as a tool or resource that helps the girl complete her homework. Therefore, the light is essential for completing the task.

"
a5097b7f56d20217679f28201801476f	Where do you head to travel to a star?	"night sky
galaxy
outer space
hollywood
eat cake"	"["" To travel to a star, one would need to leave Earth's atmosphere and enter outer space. The other options (night sky, galaxy, Hollywood) are not destinations for traveling to stars.\n\n"", ' C']"	"[' \nThe question asks where one heads to travel to reach a star. Traveling to a star involves moving from Earth into outer space, as stars are located beyond our planet\'s atmosphere.\n\n- A. Night sky: This refers to the celestial dome visible during the night, not a destination for traveling to a star.\n- B. Galaxy: While galaxies contain many stars, traveling to a specific star within a galaxy is still considered ""traveling"" because it involves movement through space.\n- C. Outer space: This is the correct answer as it encompasses the area beyond Earth\'s atmosphere where stars are found.\n- D. Hollywood: This is a city known for film production and entertainment, not a location for traveling to reach a star.\n- E. Eat cake: This is unrelated to traveling to reach a star.\n\n', ' C']"	C	C	D	C	D	" To travel to a star, one would need to leave Earth's atmosphere and enter outer space. The other options (night sky, galaxy, Hollywood) are not destinations for traveling to stars.

"	" 
The question asks where one heads to travel to reach a star. Traveling to a star involves moving from Earth into outer space, as stars are located beyond our planet's atmosphere.

- A. Night sky: This refers to the celestial dome visible during the night, not a destination for traveling to a star.
- B. Galaxy: While galaxies contain many stars, traveling to a specific star within a galaxy is still considered ""traveling"" because it involves movement through space.
- C. Outer space: This is the correct answer as it encompasses the area beyond Earth's atmosphere where stars are found.
- D. Hollywood: This is a city known for film production and entertainment, not a location for traveling to reach a star.
- E. Eat cake: This is unrelated to traveling to reach a star.

"
0a4a00ba435397c4a0496dd2c2426be7	What is the opposite of a little of something?	"much
plenty
more
big
lot of"	"[' The term ""little"" refers to a small amount or quantity. Its opposite would be a large amount or quantity.\n\n', ' D. big']"	"[' \nThe question asks about the opposite of ""a little"" of something. Let\'s analyze each option:\n\nA. Much - This implies a large amount, which is not the opposite of ""a little.""\n\nB. Plenty - This term typically refers to sufficient quantity, which is similar to ""a little,"" so it doesn\'t fit as the opposite.\n\nC. More - This indicates an increase from less, which aligns well with the concept of the opposite of ""a little.""\n\nD. Big - This describes something larger than expected, which isn\'t necessarily the opposite of ""a little.""\n\nE. Lot of - Similar to ""more,"" this implies a significant amount, which is close but not exactly the opposite of ""a little.""\n\n', ' C']"	E	D	A	C	D	" The term ""little"" refers to a small amount or quantity. Its opposite would be a large amount or quantity.

"	" 
The question asks about the opposite of ""a little"" of something. Let's analyze each option:

A. Much - This implies a large amount, which is not the opposite of ""a little.""

B. Plenty - This term typically refers to sufficient quantity, which is similar to ""a little,"" so it doesn't fit as the opposite.

C. More - This indicates an increase from less, which aligns well with the concept of the opposite of ""a little.""

D. Big - This describes something larger than expected, which isn't necessarily the opposite of ""a little.""

E. Lot of - Similar to ""more,"" this implies a significant amount, which is close but not exactly the opposite of ""a little.""

"
8bdbb8caefcc607a9ec7579aa0c87cba	Jane works for the government as a senator, where does she spend a lot of time?	"capitol building
everything
washington d.c
russia
canada"	[' Jane is described as working for the government as a senator, which implies her primary location would be related to governmental activities or offices. The Capitol Building is the central legislative complex in Washington D.C., where senators typically work and conduct their business.\n\n', ' C. Washington D.C.']	"[' \nThe question states that Jane works for the government as a senator. Senators typically represent their constituents in Congress and often travel between different locations to attend meetings, hearings, and other official duties.\n\nGiven these details, let\'s analyze each option:\n\nA. Capitol Building - This is a location where senators meet regularly, but it doesn\'t necessarily mean they spend ""a lot of time"" there compared to other options.\n\nB. Everything - This is vague and doesn\'t specify a particular location.\n\nC. Washington D.C. - This is a city where many federal agencies and offices are located, including those related to the Senate. It\'s common for senators to spend significant time in Washington D.C., especially during legislative sessions.\n\nD. Russia - This is a country far away from the United States, making it unlikely that Jane would spend a lot of time there.\n\nE. Canada - Similar to Russia, Canada is a distant country and less likely for Jane to spend a lot of time there.\n\n', ' C']"	A	C	B	C	A	" Jane is described as working for the government as a senator, which implies her primary location would be related to governmental activities or offices. The Capitol Building is the central legislative complex in Washington D.C., where senators typically work and conduct their business.

"	" 
The question states that Jane works for the government as a senator. Senators typically represent their constituents in Congress and often travel between different locations to attend meetings, hearings, and other official duties.

Given these details, let's analyze each option:

A. Capitol Building - This is a location where senators meet regularly, but it doesn't necessarily mean they spend ""a lot of time"" there compared to other options.

B. Everything - This is vague and doesn't specify a particular location.

C. Washington D.C. - This is a city where many federal agencies and offices are located, including those related to the Senate. It's common for senators to spend significant time in Washington D.C., especially during legislative sessions.

D. Russia - This is a country far away from the United States, making it unlikely that Jane would spend a lot of time there.

E. Canada - Similar to Russia, Canada is a distant country and less likely for Jane to spend a lot of time there.

"
1017807310a25d3ea4a4ec305e91cba3	She wanted to get in shape, but she couldn't stay focused on the hour long what?	"sweating
excercise
work out
video
swim"	"[' The sentence implies that someone was trying to exercise for an hour but found it difficult to focus or maintain their effort over such a long period. Among the given options, ""exercise"" is the most general term that could encompass various forms of physical activity lasting an hour.\n\n', ' B. excercise']"	"[' \nThe sentence implies that someone was trying to achieve fitness goals by exercising for an extended period (an hour). Among the given options, ""video"" is the least relevant as it doesn\'t fit the context of exercise or physical activity.\n\n', ' D']"	C	B	B	D	B	" The sentence implies that someone was trying to exercise for an hour but found it difficult to focus or maintain their effort over such a long period. Among the given options, ""exercise"" is the most general term that could encompass various forms of physical activity lasting an hour.

"	" 
The sentence implies that someone was trying to achieve fitness goals by exercising for an extended period (an hour). Among the given options, ""video"" is the least relevant as it doesn't fit the context of exercise or physical activity.

"
ba640b9634ad6b4ad98b17b4f152e562	Bob the lizard lives in a warm place with lots of water.  Where does he probably live?	"rock
tropical rainforest
jazz club
new mexico
rocky places"	[' Bob the lizard is described as living in a warm place with lots of water. Tropical rainforests are known for being warm and humid environments with abundant rainfall. Therefore, Bob the lizard would most likely live in a tropical rainforest.\n\n', ' B. tropical rainforest']	[' Bob the lizard lives in a warm place with lots of water. Among the given options, the tropical rainforest provides a warm climate and abundant water sources. Therefore, Bob the lizard is most likely to live in a tropical rainforest.\n\n', ' B']	B	B	B	B	D	" Bob the lizard is described as living in a warm place with lots of water. Tropical rainforests are known for being warm and humid environments with abundant rainfall. Therefore, Bob the lizard would most likely live in a tropical rainforest.

"	" Bob the lizard lives in a warm place with lots of water. Among the given options, the tropical rainforest provides a warm climate and abundant water sources. Therefore, Bob the lizard is most likely to live in a tropical rainforest.

"
07a99d5f2ca7028febeb9f09604b36c8	Name a location where you would not want to find mice.	"loft
attic
bell cat
countryside
laboratory"	[' Mice typically live in warm, dark, and moist environments with easy access to food sources. A laboratory is specifically designed for scientific research and often has controlled conditions that make it unsuitable for mice as they cannot survive there due to lack of resources like food and water.\n', ' E']	[' Mice are typically found in areas with easy access to food and shelter. A laboratory is designed to contain and study animals, including mice, so it would be an ideal environment for finding mice. On the other hand, a loft, attic, bell cat, and countryside are less likely places to encounter mice due to their lack of suitable living conditions and human presence. Therefore, the most appropriate answer is E. laboratory.']	B	E	C		A	" Mice typically live in warm, dark, and moist environments with easy access to food sources. A laboratory is specifically designed for scientific research and often has controlled conditions that make it unsuitable for mice as they cannot survive there due to lack of resources like food and water.
"	 Mice are typically found in areas with easy access to food and shelter. A laboratory is designed to contain and study animals, including mice, so it would be an ideal environment for finding mice. On the other hand, a loft, attic, bell cat, and countryside are less likely places to encounter mice due to their lack of suitable living conditions and human presence. Therefore, the most appropriate answer is E. laboratory.
3338109fcafaaa370c8900a53e1b3ed8	The flasks was used to distill elements, where was is being used?	"laboratory
chemistry lab
coat pocket
after hours speakeasy
bordello"	[' To determine where the flask was being used for distillation, we need to consider common contexts for using flasks in scientific or industrial settings. Distillation typically involves large-scale operations that require specialized equipment like flasks.\n\n- Laboratory: This is a general term for a place where experiments are conducted.\n- Chemistry lab: A specific type of laboratory focused on chemical research.\n- Coat pocket: Not suitable for holding liquids or conducting chemical reactions.\n- After hours speakeasy: An illegal establishment often associated with alcohol sales.\n- Bordello: A brothel, which is not related to scientific activities.\n\nGiven these considerations, the most appropriate context for using a flask for distillation would be either a laboratory or a chemistry lab.\n\n', ' A. laboratory']	"[' \nLet\'s analyze each option based on the context given in the sentence ""The flasks was used to distill elements.""\n\n- A. Laboratory: This is a common location for scientific experiments involving distillation.\n- B. Chemistry Lab: Similar to a laboratory, this is a specialized area within a larger institution dedicated to chemical research.\n- C. Coat pocket: This is unlikely as flasks are typically large enough to hold liquids and require proper storage.\n- D. After hours speakeasy: This is a type of illegal establishment, not a typical place for scientific experiments.\n- E. Bordello: This is a brothel, which is unrelated to scientific activities.\n\nGiven these considerations, the most logical and appropriate answer is A. laboratory.\n\n', ' A']"	B	A	B	A	B	" To determine where the flask was being used for distillation, we need to consider common contexts for using flasks in scientific or industrial settings. Distillation typically involves large-scale operations that require specialized equipment like flasks.

- Laboratory: This is a general term for a place where experiments are conducted.
- Chemistry lab: A specific type of laboratory focused on chemical research.
- Coat pocket: Not suitable for holding liquids or conducting chemical reactions.
- After hours speakeasy: An illegal establishment often associated with alcohol sales.
- Bordello: A brothel, which is not related to scientific activities.

Given these considerations, the most appropriate context for using a flask for distillation would be either a laboratory or a chemistry lab.

"	" 
Let's analyze each option based on the context given in the sentence ""The flasks was used to distill elements.""

- A. Laboratory: This is a common location for scientific experiments involving distillation.
- B. Chemistry Lab: Similar to a laboratory, this is a specialized area within a larger institution dedicated to chemical research.
- C. Coat pocket: This is unlikely as flasks are typically large enough to hold liquids and require proper storage.
- D. After hours speakeasy: This is a type of illegal establishment, not a typical place for scientific experiments.
- E. Bordello: This is a brothel, which is unrelated to scientific activities.

Given these considerations, the most logical and appropriate answer is A. laboratory.

"
dbcedaa6a6f1f68bc8f2bf7aef23294e	What do people feel after having sex that requires them to shower?	"bedroom
pleasant
obesity
painful
dirty"	[' After engaging in sexual activity, individuals typically experience cleanliness as part of their post-sexual hygiene routine. Showering is often recommended for this purpose. Therefore, the most likely feeling following such activities would be related to cleanliness.\n\n', ' E. dirty']	[' After engaging in sexual activity, especially involving physical exertion, people often experience bodily sensations and emotions related to cleanliness and hygiene. Showering helps maintain personal hygiene and removes sweat, dirt, and any potential residue from intimate activities.\n\n', ' E']	E	E	B	E	D	" After engaging in sexual activity, individuals typically experience cleanliness as part of their post-sexual hygiene routine. Showering is often recommended for this purpose. Therefore, the most likely feeling following such activities would be related to cleanliness.

"	" After engaging in sexual activity, especially involving physical exertion, people often experience bodily sensations and emotions related to cleanliness and hygiene. Showering helps maintain personal hygiene and removes sweat, dirt, and any potential residue from intimate activities.

"
e151b44e0a7bf08a1dd3c861eef09161	What may I place the telephone on?	"bar
friend's house
desktop
party
office"	"[' To determine where you might place a telephone, consider common locations for communication devices. Telephones are typically used at home or work, so options like ""friend\'s house"" (B) and ""party"" (D) seem less likely. The remaining options—bar (A), desktop (C), and office (E)—are more plausible places to have a telephone.\n\n', ' C']"	"[' \nThe question asks about where I may place a telephone. Among the given options, ""bar"" (A) is typically a public space where people gather, often for socializing or entertainment purposes. It is common to see telephones placed near bars as part of their amenities.\n\n', ' A']"	C	C	C	A	B	" To determine where you might place a telephone, consider common locations for communication devices. Telephones are typically used at home or work, so options like ""friend's house"" (B) and ""party"" (D) seem less likely. The remaining options—bar (A), desktop (C), and office (E)—are more plausible places to have a telephone.

"	" 
The question asks about where I may place a telephone. Among the given options, ""bar"" (A) is typically a public space where people gather, often for socializing or entertainment purposes. It is common to see telephones placed near bars as part of their amenities.

"
c640116ca6905d5256edadb616b3f76e	Noble citizen of the Roman empire believed those born with lower status were what to them?	"loser
ignoble
peasant
inferior
plebeian"	"[' The term ""noble"" implies high social standing or rank within society. In ancient Rome, nobility was typically associated with wealth, power, and privilege. Therefore, someone who is considered noble would likely view individuals from lower social classes as being beneath their own status.\n\n', ' D. inferior']"	"[' \nThe question revolves around the belief system of noble citizens within the Roman Empire regarding individuals born into lower social classes. Noble citizens typically held higher societal status compared to others, including slaves, peasants, and plebeians.\n\nGiven this context, let\'s analyze each option:\n- A. ""loser"" - This term implies defeat or failure, which doesn\'t align well with the concept of nobility.\n- B. ""ignoble"" - This word has a negative connotation suggesting lowliness or unworthiness, fitting the perspective of the noble class.\n- C. ""peasant"" - Peasants were considered part of the lower class, not nobility.\n- D. ""inferior"" - Inferiority often refers to a lack of value or worth, which contradicts the idea of nobility.\n- E. ""plebeian"" - Plebeians were members of the lower class, not nobility.\n\nBased on these analyses, the term that best fits the context of the noble class believing those born with lower status as ""ignoble"" aligns with their hierarchical view of society.\n\n', ' B']"	D	D	B	B	D	" The term ""noble"" implies high social standing or rank within society. In ancient Rome, nobility was typically associated with wealth, power, and privilege. Therefore, someone who is considered noble would likely view individuals from lower social classes as being beneath their own status.

"	" 
The question revolves around the belief system of noble citizens within the Roman Empire regarding individuals born into lower social classes. Noble citizens typically held higher societal status compared to others, including slaves, peasants, and plebeians.

Given this context, let's analyze each option:
- A. ""loser"" - This term implies defeat or failure, which doesn't align well with the concept of nobility.
- B. ""ignoble"" - This word has a negative connotation suggesting lowliness or unworthiness, fitting the perspective of the noble class.
- C. ""peasant"" - Peasants were considered part of the lower class, not nobility.
- D. ""inferior"" - Inferiority often refers to a lack of value or worth, which contradicts the idea of nobility.
- E. ""plebeian"" - Plebeians were members of the lower class, not nobility.

Based on these analyses, the term that best fits the context of the noble class believing those born with lower status as ""ignoble"" aligns with their hierarchical view of society.

"
163898952cb6baf3a6440696e1352e86	If for some reason you were to start killing people, what would you be likely to receive?	"feelings of guilt
prison sentence
terrible
encouragement
die"	[' If someone is actively engaging in violent behavior towards others by starting to kill people, they would most likely face legal consequences such as imprisonment or other forms of punishment. Additionally, their actions could lead to negative social repercussions and personal consequences like feeling remorseful afterwards.\n\n', ' B. prison sentence']	"[' If someone starts killing people, they would typically face severe legal consequences, including imprisonment. This aligns with receiving a ""prison sentence"" as a likely outcome.\n\n', ' B']"	B	B	C	B	D	" If someone is actively engaging in violent behavior towards others by starting to kill people, they would most likely face legal consequences such as imprisonment or other forms of punishment. Additionally, their actions could lead to negative social repercussions and personal consequences like feeling remorseful afterwards.

"	" If someone starts killing people, they would typically face severe legal consequences, including imprisonment. This aligns with receiving a ""prison sentence"" as a likely outcome.

"
caccaa51ee960a92d44e5b949fc35a66	They wanted to try blowfish, so they went to get some where?	"atlantic ocean
books
france
aquarium
fish market"	"[' The question is asking about a place where someone can obtain blowfish for consumption or study purposes. Blowfish are typically found in marine environments such as oceans, seas, and rivers. Among the given options, ""France"" is the most likely place to find blowfish due to its coastal locations along the Atlantic Ocean.\n\n', ' C']"	"[' Blowfish is a type of fish found in various oceans around the world. Among the given options, ""atlantic ocean"" is the only location where blowfish can be found naturally. Therefore, the most logical destination for someone wanting to try blowfish would be the Atlantic Ocean.\n\n', ' A']"	E	C	D	A	B	" The question is asking about a place where someone can obtain blowfish for consumption or study purposes. Blowfish are typically found in marine environments such as oceans, seas, and rivers. Among the given options, ""France"" is the most likely place to find blowfish due to its coastal locations along the Atlantic Ocean.

"	" Blowfish is a type of fish found in various oceans around the world. Among the given options, ""atlantic ocean"" is the only location where blowfish can be found naturally. Therefore, the most logical destination for someone wanting to try blowfish would be the Atlantic Ocean.

"
4f23829b96b38b5633ecc3325281726d	John rode on the plain until it reached the ocean and couldn't go any farther. What might he have bee on?	"mountain
fancy
sandplain
cliff
gorge"	"[' The sentence describes John riding on a flat surface (the plain) that eventually reaches the ocean, indicating he was on land before reaching water. Among the given options, ""mountain"" is the only one that fits this description as mountains are typically higher than plains.\n\n', ' A. mountain']"	[' \nThe passage describes John riding on a plain until it reaches the ocean, indicating that the terrain was flat and open. A plain typically refers to a large area of level land without hills or mountains. Therefore, the most logical item John could have been on is a mountain.\n\n', ' A']	D	A	B	A	D	" The sentence describes John riding on a flat surface (the plain) that eventually reaches the ocean, indicating he was on land before reaching water. Among the given options, ""mountain"" is the only one that fits this description as mountains are typically higher than plains.

"	" 
The passage describes John riding on a plain until it reaches the ocean, indicating that the terrain was flat and open. A plain typically refers to a large area of level land without hills or mountains. Therefore, the most logical item John could have been on is a mountain.

"
0547da29ffab9b441bae8870cd0f9dab	If you partied all night you could find yourself already what, even when just beginning work?	"getting tired
working
procrastination
jumping
sitting down"	"[' The phrase ""partied all night"" implies staying up late or drinking alcohol, which can lead to fatigue and sleepiness. Therefore, it is likely that someone who has been partying all night would be feeling tired by the time they start their workday.\n\n', ' A. getting tired']"	"[' \nThe question implies that someone who has been partying all night might feel tired by the time they start their workday. This feeling of fatigue aligns closely with the concept of ""getting tired"" as described in option A.\n\n', ' A']"	A	A	B	A	B	" The phrase ""partied all night"" implies staying up late or drinking alcohol, which can lead to fatigue and sleepiness. Therefore, it is likely that someone who has been partying all night would be feeling tired by the time they start their workday.

"	" 
The question implies that someone who has been partying all night might feel tired by the time they start their workday. This feeling of fatigue aligns closely with the concept of ""getting tired"" as described in option A.

"
c7cb327fa4c0008efaa7741081a365d4	What would you be building if you designed a place for an annoying critter to stay?	"spread disease
swamp
fly away
cat condo
bug campers"	"[' The question asks about designing a place for an ""annoying critter"" to stay. Among the given options, ""bug campers"" is the most appropriate choice because it directly relates to creating accommodation for insects or bugs.\n\n', ' E. bug campers']"	"[' \nDesigning a place for an annoying critter to stay implies creating a habitat where these creatures can live comfortably. Among the given options, ""bug campers"" best fits this scenario as it refers to structures specifically built for insects or other small animals.\n\n', ' E']"	E	E	A	E	B	" The question asks about designing a place for an ""annoying critter"" to stay. Among the given options, ""bug campers"" is the most appropriate choice because it directly relates to creating accommodation for insects or bugs.

"	" 
Designing a place for an annoying critter to stay implies creating a habitat where these creatures can live comfortably. Among the given options, ""bug campers"" best fits this scenario as it refers to structures specifically built for insects or other small animals.

"
1db19a32a3edbff9981976dc9ec800ce	If a small flying animal picks up a string, where are they taking it?	"bird's nest
park
guitar
kite
quark"	"[' The question describes a scenario involving a small flying animal picking up a string. Among the given options, ""bird\'s nest"" is the most logical place for a small flying animal (such as a bird) to pick up a string, especially if the context implies that the string was likely dropped or lost by the animal itself.\n\n', ' A']"	"[' \nThe question describes a scenario involving a small flying animal picking up a string. Among the given options, ""bird\'s nest"" (A) is the most logical destination for a string picked up by a small flying animal, as birds often use strings to hang their nests.\n\n', ' A']"	A	A	B	A	B	" The question describes a scenario involving a small flying animal picking up a string. Among the given options, ""bird's nest"" is the most logical place for a small flying animal (such as a bird) to pick up a string, especially if the context implies that the string was likely dropped or lost by the animal itself.

"	" 
The question describes a scenario involving a small flying animal picking up a string. Among the given options, ""bird's nest"" (A) is the most logical destination for a string picked up by a small flying animal, as birds often use strings to hang their nests.

"
6c70d98cfb8e97fda8caefcee761a229	Zane doesn't like answering questions.  He's not good at it because he suffers from what?	"panic
discussion
attention
confusion
satisfaction"	"[' Zane doesn\'t like answering questions and is not good at it due to his difficulty with understanding or processing information. The term that best describes someone who has trouble comprehending or responding appropriately to questions is ""confusion."" Therefore, the correct answer is D. confusion.\n\n', ' D. confusion']"	"[' \nThe question states that Zane ""doesn\'t like answering questions"" and mentions that he is ""not good at it."" This implies that his difficulty lies in engaging with others through questioning. Among the given options, ""attention"" best fits as it relates to focusing on someone while asking questions.\n\n', ' C']"	D	D	B	C	D	" Zane doesn't like answering questions and is not good at it due to his difficulty with understanding or processing information. The term that best describes someone who has trouble comprehending or responding appropriately to questions is ""confusion."" Therefore, the correct answer is D. confusion.

"	" 
The question states that Zane ""doesn't like answering questions"" and mentions that he is ""not good at it."" This implies that his difficulty lies in engaging with others through questioning. Among the given options, ""attention"" best fits as it relates to focusing on someone while asking questions.

"
5abeb4a2126597d4ef7b5a32e9e22abf	Where do most people make coffee?	"coffee shop
office
table
washing
kitchen"	[' To determine where most people make coffee, we need to consider common practices and locations that involve brewing or preparing coffee. Coffee shops typically serve freshly brewed coffee, while offices may have vending machines for instant coffee. Tables and washrooms are not commonly associated with making coffee. The kitchen is often used for cooking but not specifically for brewing coffee. Therefore, the most likely place for most people to make coffee would be at home.\n', ' E. kitchen']	"["" \nThe question asks where most people typically make coffee. Let's analyze each option:\n\nA. Coffee shop - People go there specifically to buy coffee, not to make it themselves.\n\nB. Office - Most offices have coffee machines, but employees often prefer to bring their own coffee from home.\n\nC. Table - Tables are places where people sit, but they're not typically used for making coffee.\n\nD. Washing - This doesn't make sense as a location for making coffee.\n\nE. Kitchen - Many households have a dedicated space called a kitchen where they prepare meals, including making coffee.\n\n"", ' E']"	E	E	D	E	A	" To determine where most people make coffee, we need to consider common practices and locations that involve brewing or preparing coffee. Coffee shops typically serve freshly brewed coffee, while offices may have vending machines for instant coffee. Tables and washrooms are not commonly associated with making coffee. The kitchen is often used for cooking but not specifically for brewing coffee. Therefore, the most likely place for most people to make coffee would be at home.
"	" 
The question asks where most people typically make coffee. Let's analyze each option:

A. Coffee shop - People go there specifically to buy coffee, not to make it themselves.

B. Office - Most offices have coffee machines, but employees often prefer to bring their own coffee from home.

C. Table - Tables are places where people sit, but they're not typically used for making coffee.

D. Washing - This doesn't make sense as a location for making coffee.

E. Kitchen - Many households have a dedicated space called a kitchen where they prepare meals, including making coffee.

"
5efadabaf61b5174916e3ab659bcd283	Danny found that the carpet did not ,match the drapes, which was disappointing, because this place was expensive.  But it was the only place in town that wasn't booked solid for the week and he needed it while he was in town, so he couldn't complain.   Where might this place be?	"brothel
restaurant
building
bowling alley
at hotel"	"[' To determine where Danny might have found this place, we need to consider the context provided in the question. The key points are:\n\n1. The carpet does not match the drapes.\n2. It is described as ""expensive.""\n3. There were no other options available nearby.\n\nGiven these details, let\'s analyze each choice:\n\n- A. Brothel: This would likely be very expensive due to its nature, but there wouldn\'t typically be matching carpets or drapes.\n- B. Restaurant: While restaurants can be expensive, they usually don\'t offer such specific decor issues like carpet and drapes mismatching.\n- C. Building: This could potentially fit if the building had multiple rooms with different decorations, but it doesn\'t specifically address the issue of carpet and drapes.\n- D. Bowling Alley: Similar to a restaurant, bowling alleys often have unique decor and may not necessarily match their surroundings.\n- E. At Hotel: Hotels are known for being expensive and having various amenities, including possibly matching carpet and drapes. However, hotels are more commonly booked solidly, making them less suitable for short-term stays like Danny\'s situation.\n\nConsidering all factors, the most fitting option is E. at hotel.\n\n', ' E. at hotel']"	"["" \nThe passage describes Danny finding a carpet that doesn't match his drapes, despite the location being expensive and available elsewhere. This indicates that the place where Danny found the carpet is likely a venue that typically has high demand, such as a hotel or conference center.\n\n"", ' E']"	E	E	B	E	A	" To determine where Danny might have found this place, we need to consider the context provided in the question. The key points are:

1. The carpet does not match the drapes.
2. It is described as ""expensive.""
3. There were no other options available nearby.

Given these details, let's analyze each choice:

- A. Brothel: This would likely be very expensive due to its nature, but there wouldn't typically be matching carpets or drapes.
- B. Restaurant: While restaurants can be expensive, they usually don't offer such specific decor issues like carpet and drapes mismatching.
- C. Building: This could potentially fit if the building had multiple rooms with different decorations, but it doesn't specifically address the issue of carpet and drapes.
- D. Bowling Alley: Similar to a restaurant, bowling alleys often have unique decor and may not necessarily match their surroundings.
- E. At Hotel: Hotels are known for being expensive and having various amenities, including possibly matching carpet and drapes. However, hotels are more commonly booked solidly, making them less suitable for short-term stays like Danny's situation.

Considering all factors, the most fitting option is E. at hotel.

"	" 
The passage describes Danny finding a carpet that doesn't match his drapes, despite the location being expensive and available elsewhere. This indicates that the place where Danny found the carpet is likely a venue that typically has high demand, such as a hotel or conference center.

"
d807e7ae60976324920c8d29eb42dad6	Where does a heifer's master live?	"farm house
barnyard
stockyard
slaughter house
eat cake"	"[' A heifer is typically raised on a farm for breeding purposes, so her ""master"" would likely be someone who owns or manages the farm where she lives. The most common place for such management activities is at home, which could be described as a farmhouse.\n\n', ' A']"	"[' A heifer is typically raised on a farm as part of livestock management. Therefore, her ""master"" (likely referring to the farmer) would reside in a farmhouse where the heifer is kept.\n\n', ' A']"	A	A	D	A	B	" A heifer is typically raised on a farm for breeding purposes, so her ""master"" would likely be someone who owns or manages the farm where she lives. The most common place for such management activities is at home, which could be described as a farmhouse.

"	" A heifer is typically raised on a farm as part of livestock management. Therefore, her ""master"" (likely referring to the farmer) would reside in a farmhouse where the heifer is kept.

"
7b95825a19d6930d6aed35c7c57a2d82	James couldn't get comfortable.  There was too much dirt.  He needed to clean out what?	"ground
subway
bank
bed
street"	[' The context suggests that James is unable to sleep comfortably due to dirt on his bed. Therefore, he needs to clean the bed.\n\n', ' D. bed']	"[' \nThe sentence states that James could not get comfortable because there was too much dirt. This implies that the dirt is affecting his ability to rest comfortably. Among the given options, ""bed"" is the item where one typically sleeps and rests. Therefore, it is logical that cleaning out the bed would address the issue of excessive dirt.\n\n', ' D']"	D	D	D	D	B	" The context suggests that James is unable to sleep comfortably due to dirt on his bed. Therefore, he needs to clean the bed.

"	" 
The sentence states that James could not get comfortable because there was too much dirt. This implies that the dirt is affecting his ability to rest comfortably. Among the given options, ""bed"" is the item where one typically sleeps and rests. Therefore, it is logical that cleaning out the bed would address the issue of excessive dirt.

"
801431167b8bff06b9870abe9721536b	He was very outgoing, for him making friends was no personal what?	"scary
having friends
good feeling
conflict
friendship"	"[' The sentence implies that someone who is outgoing finds it easy or enjoyable to make friends. Therefore, ""scary"" would be the opposite of something one enjoys doing.\n\n', ' A. scary']"	"[' \nThe sentence implies that someone who is outgoing finds making friends easy because it doesn\'t cause any fear or discomfort. ""Scary"" fits well as it describes something that causes fear or unease. Therefore, the correct answer is A. scary.\n\n', ' A']"	D	A	B	A	B	" The sentence implies that someone who is outgoing finds it easy or enjoyable to make friends. Therefore, ""scary"" would be the opposite of something one enjoys doing.

"	" 
The sentence implies that someone who is outgoing finds making friends easy because it doesn't cause any fear or discomfort. ""Scary"" fits well as it describes something that causes fear or unease. Therefore, the correct answer is A. scary.

"
2c9f4a98ce774cd734b6e384d95051a7	They children loved having a back yard, and the parents loved that it was a safe what?	"suburb
neighborhood
back of house
roundabout
property"	"[' The question is asking about something that provides safety for children\'s play areas. Among the given options, ""property"" (option E) is the most appropriate choice as it implies a place where children can safely play outside.\n\n', ' E']"	"[' \nThe question describes a scenario where children love their backyard and parents appreciate its safety. A backyard typically refers to a private outdoor area within a home. Among the given options, ""property"" best fits as it implies ownership and privacy, aligning well with the context of a child\'s backyard.\n\n', ' E']"	B	E	D	E	D	" The question is asking about something that provides safety for children's play areas. Among the given options, ""property"" (option E) is the most appropriate choice as it implies a place where children can safely play outside.

"	" 
The question describes a scenario where children love their backyard and parents appreciate its safety. A backyard typically refers to a private outdoor area within a home. Among the given options, ""property"" best fits as it implies ownership and privacy, aligning well with the context of a child's backyard.

"
cfa980561efe82e7ae7080d4f081b463	What is someone operating a vehicle likely to be accused of after becoming inebriated?	"punish
arrest
automobile accidents
drunk driving
talking nonsense"	[' Someone who becomes inebriated while operating a vehicle is at risk of committing drunk driving, which can lead to legal consequences such as arrest or being charged with DUI (Driving Under the Influence). The other options do not directly relate to the act of operating a vehicle under the influence.\n\n', ' D']	"[' When someone becomes inebriated while operating a vehicle, they are likely to be accused of committing a crime related to their impaired state. Among the given options, ""drunk driving"" best fits this scenario as it specifically refers to driving under the influence of alcohol.\n\n', ' D']"	D	D	D	D	B	" Someone who becomes inebriated while operating a vehicle is at risk of committing drunk driving, which can lead to legal consequences such as arrest or being charged with DUI (Driving Under the Influence). The other options do not directly relate to the act of operating a vehicle under the influence.

"	" When someone becomes inebriated while operating a vehicle, they are likely to be accused of committing a crime related to their impaired state. Among the given options, ""drunk driving"" best fits this scenario as it specifically refers to driving under the influence of alcohol.

"
e9d4c747018ff81b8c0aefb5abc3c539	What do people need to do to change their lives?	"face problems
better themselves
pay bills
become disillusioned
eat chicken"	"["" To change one's life, individuals typically focus on improving themselves or addressing personal growth rather than facing problems, paying bills, becoming disillusioned, or eating chicken.\n\n"", ' B. better themselves']"	"[' \nThe question asks about the action needed to change one\'s life. Among the given options, ""better themselves"" (Option B) aligns best with the concept of changing one\'s life as it implies personal growth and development.\n\n', ' B']"	A	B	D	B	B	" To change one's life, individuals typically focus on improving themselves or addressing personal growth rather than facing problems, paying bills, becoming disillusioned, or eating chicken.

"	" 
The question asks about the action needed to change one's life. Among the given options, ""better themselves"" (Option B) aligns best with the concept of changing one's life as it implies personal growth and development.

"
23d97480fe45bace231503f8fc367a5b	What do professors primarily do?	"master physics
state facts
wear wrinkled tweed jackets
school students
teach courses"	[' Professors are typically educators who impart knowledge and skills through teaching. The other options (mastering a subject, stating facts, wearing specific attire, or schooling students) are not primary activities that define what professors do.\n\n', ' E. teach courses']	[' Professors primarily engage in teaching courses as their primary responsibility. They impart knowledge, conduct research, and mentor students within their academic disciplines.\n\n', ' E']	E	E	D	E	D	" Professors are typically educators who impart knowledge and skills through teaching. The other options (mastering a subject, stating facts, wearing specific attire, or schooling students) are not primary activities that define what professors do.

"	" Professors primarily engage in teaching courses as their primary responsibility. They impart knowledge, conduct research, and mentor students within their academic disciplines.

"
66bfb6e209c94e6be5b0d04b0c7e2064	Where could you find only a few office?	"skyscraper
new york
school building
city
work"	"[' To determine where one might find ""only a few"" offices, we need to consider locations that typically have limited space for office buildings. Skyscrapers (A) and schools (C) do not usually accommodate many offices due to their size and purpose. New York (B), while having numerous office spaces, is too large to be considered a single location with just a few offices. Cities (D) can contain multiple office buildings but may still not have enough space for ""only a few."" Work (E) refers to employment rather than physical locations.\n\n', ' A']"	"[' \nThe question asks where you could find ""only a few"" offices. Let\'s analyze each option:\n\nA. Skyscraper - A skyscraper typically has many floors and numerous offices spread across multiple levels.\n\nB. New York - This is a large city with many buildings, including skyscrapers, but it doesn\'t necessarily mean there are only a few offices.\n\nC. School building - Schools often have multiple classrooms and administrative areas, but they typically don\'t have just a few offices.\n\nD. City - Cities contain various types of buildings, including schools, government offices, and commercial spaces, but they usually have many offices as well.\n\nE. Work - This refers to any workplace, which includes offices. If you\'re looking for a location with only a few offices, this fits best because it implies a smaller scale compared to other options.\n\n', ' E']"	C	A	B	E	D	" To determine where one might find ""only a few"" offices, we need to consider locations that typically have limited space for office buildings. Skyscrapers (A) and schools (C) do not usually accommodate many offices due to their size and purpose. New York (B), while having numerous office spaces, is too large to be considered a single location with just a few offices. Cities (D) can contain multiple office buildings but may still not have enough space for ""only a few."" Work (E) refers to employment rather than physical locations.

"	" 
The question asks where you could find ""only a few"" offices. Let's analyze each option:

A. Skyscraper - A skyscraper typically has many floors and numerous offices spread across multiple levels.

B. New York - This is a large city with many buildings, including skyscrapers, but it doesn't necessarily mean there are only a few offices.

C. School building - Schools often have multiple classrooms and administrative areas, but they typically don't have just a few offices.

D. City - Cities contain various types of buildings, including schools, government offices, and commercial spaces, but they usually have many offices as well.

E. Work - This refers to any workplace, which includes offices. If you're looking for a location with only a few offices, this fits best because it implies a smaller scale compared to other options.

"
7bc1198664b376f79d584725ad7f874b	What is likely to be found in a book that is not a foreword?	"last word
conclusion
ikea instructions
afterword
epilogue"	[' A foreword is typically written by someone other than the author and provides an introduction or summary of the book. The other options (last word, conclusion, ikea instructions, afterword, epilogue) are either parts of the book itself or related concepts within it.\n\n', ' D']	"[' \nThe question asks about what is likely to be found in a book that is not a foreword. A foreword is typically written by someone other than the author and provides an introduction or recommendation for the book. Therefore, any content that follows the foreword should not be considered part of the foreword itself.\n\n- ""last word"" refers to the final sentence or paragraph in a document, which could appear anywhere within a book.\n- ""conclusion"" is a section summarizing the main points of a book, often following the body of the text.\n- ""ikea instructions"" are guidelines for assembling furniture from IKEA products, unrelated to books.\n- ""afterword"" is a section that appears immediately after the main text of the book, providing additional information or insights.\n- ""epilogue"" is a concluding chapter that wraps up the story or themes discussed in the book.\n\nGiven these options, the content that is least likely to be found in a book that is not a foreword is ""ikea instructions,"" as they are specifically related to furniture assembly and not typical content found in books.\n\n', ' C']"	E	D	D	C	A	" A foreword is typically written by someone other than the author and provides an introduction or summary of the book. The other options (last word, conclusion, ikea instructions, afterword, epilogue) are either parts of the book itself or related concepts within it.

"	" 
The question asks about what is likely to be found in a book that is not a foreword. A foreword is typically written by someone other than the author and provides an introduction or recommendation for the book. Therefore, any content that follows the foreword should not be considered part of the foreword itself.

- ""last word"" refers to the final sentence or paragraph in a document, which could appear anywhere within a book.
- ""conclusion"" is a section summarizing the main points of a book, often following the body of the text.
- ""ikea instructions"" are guidelines for assembling furniture from IKEA products, unrelated to books.
- ""afterword"" is a section that appears immediately after the main text of the book, providing additional information or insights.
- ""epilogue"" is a concluding chapter that wraps up the story or themes discussed in the book.

Given these options, the content that is least likely to be found in a book that is not a foreword is ""ikea instructions,"" as they are specifically related to furniture assembly and not typical content found in books.

"
f192cfacbaa2f7e0e879f673c8e076a7	Where are the most famous BBQ steakhouses in america?	"texas
building
kansas city
maine
falling down"	"["" To determine where the most famous BBQ steakhouses in America are located, we should consider regions known for their barbecue traditions. Texas is renowned for its brisket, Kansas City has been influential since the 1930s with its Kansas City-style ribs, and Memphis is famous for its pulled pork. Maine's seafood cuisine might not align as closely with BBQ steaks.\n\n"", ' A. texas']"	[' \nThe question asks about the most famous BBQ steakhouses in America. Texas is known for its barbecue culture, particularly around Austin and Dallas. Kansas City is renowned for its classic American-style barbecue. Maine has some great barbecue restaurants, especially those serving seafood. Building is not a location; it refers to a structure. Falling down is not a place where BBQ steakhouses are typically found.\n\n', ' A']	A	A	B	A	B	" To determine where the most famous BBQ steakhouses in America are located, we should consider regions known for their barbecue traditions. Texas is renowned for its brisket, Kansas City has been influential since the 1930s with its Kansas City-style ribs, and Memphis is famous for its pulled pork. Maine's seafood cuisine might not align as closely with BBQ steaks.

"	" 
The question asks about the most famous BBQ steakhouses in America. Texas is known for its barbecue culture, particularly around Austin and Dallas. Kansas City is renowned for its classic American-style barbecue. Maine has some great barbecue restaurants, especially those serving seafood. Building is not a location; it refers to a structure. Falling down is not a place where BBQ steakhouses are typically found.

"
9024493a3edbaf555fda5b477e835bf5	Where is a grape likely to be being fed to someone else?	"field
bathroom
michigan
minnesota
painting"	"[' To determine where a grape is likely to be being fed to someone else, we need to consider common scenarios involving grapes. Grapes are typically eaten by humans for consumption. Among the given options, ""field"" is the most plausible place where one might encounter people eating grapes as it involves human activity outdoors.\n\n', ' A. field']"	"[' A grape is typically consumed by humans as food. It is unlikely that a human would intentionally feed a grape to another human unless there was some kind of medical necessity or therapeutic purpose. Therefore, the most logical place where a grape is ""being fed"" to someone else would be in a clinical or therapeutic context.\n\n', ' E']"	E	A	B	E	D	" To determine where a grape is likely to be being fed to someone else, we need to consider common scenarios involving grapes. Grapes are typically eaten by humans for consumption. Among the given options, ""field"" is the most plausible place where one might encounter people eating grapes as it involves human activity outdoors.

"	" A grape is typically consumed by humans as food. It is unlikely that a human would intentionally feed a grape to another human unless there was some kind of medical necessity or therapeutic purpose. Therefore, the most logical place where a grape is ""being fed"" to someone else would be in a clinical or therapeutic context.

"
bcd51af35d691f5c3b6b548096ab1559	Everybody seemed to be crying at the holy site, the tour guide explained that this was what?	"profane
halibut
damaged
common
halibut"	"[' The tour guide mentioned that everyone was crying at the holy site, which implies something significant or emotional happening there. Among the given options, ""halibut"" is not relevant to describing the situation at a holy site. Therefore, the most appropriate choice would be one related to emotions or significance.\n\n', ' B']"	"[' \nThe question describes a situation where everyone is crying at a holy site, which implies a solemn or emotional atmosphere. Among the given options, ""halibut"" (option E) is irrelevant as it doesn\'t relate to any of the other words. ""Profane"" (option A) typically refers to something that is considered inappropriate or disrespectful, which doesn\'t fit the context of a holy site. ""Damaged"" (option C) could potentially describe a state of the site, but it doesn\'t capture the emotional aspect implied by the crying. ""Common"" (option D) simply means ordinary or typical, which isn\'t strong enough to explain the emotional response described. Therefore, the best fitting word from the given options is ""common,"" as it suggests that the emotion felt is normal or expected.\n\n', ' D']"	D	B	D	D	B	" The tour guide mentioned that everyone was crying at the holy site, which implies something significant or emotional happening there. Among the given options, ""halibut"" is not relevant to describing the situation at a holy site. Therefore, the most appropriate choice would be one related to emotions or significance.

"	" 
The question describes a situation where everyone is crying at a holy site, which implies a solemn or emotional atmosphere. Among the given options, ""halibut"" (option E) is irrelevant as it doesn't relate to any of the other words. ""Profane"" (option A) typically refers to something that is considered inappropriate or disrespectful, which doesn't fit the context of a holy site. ""Damaged"" (option C) could potentially describe a state of the site, but it doesn't capture the emotional aspect implied by the crying. ""Common"" (option D) simply means ordinary or typical, which isn't strong enough to explain the emotional response described. Therefore, the best fitting word from the given options is ""common,"" as it suggests that the emotion felt is normal or expected.

"
